구군,면적_m2,녹지_m2,평균기온,면적_km2,녹지_km2,녹지비율_pct,녹지_group
중구,140378687,1673844,13.6667,140.378687,1.673844,1.192377586,낮음
연수구,57718479.8,1031047,14.475,57.7184798,1.031047,1.786337761,높음
남동구,57451745.7,886018,14.20833,57.4517457,0.886018,1.542195088,중간
부평구,32005688,268766,13.52727,32.005688,0.268766,0.839744485,낮음
계양구,45564550.3,936817,14.98182,45.5645503,0.936817,2.056021609,높음
서구,119057162.1,1791467,14.50833,119.0571621,1.791467,1.50471166,중간
